question_id,question,gold_answer,gold_nuggets,notes,analyte_or_target,sample_matrix,preanalytical_factor,expected_direction_or_effect,source_title,source_doi,source_url,source_evidence_note
BQ001,Is potassium stable in serum gel tubes if centrifugation is delayed for up to 24 hours at 15 to 35 degrees Celsius?,"Potassium should be treated as potentially unstable under delayed pre-centrifugation storage in serum gel tubes. Tanner et al. reported that potassium was not stable in at least one tested storage condition when serum gel tubes were kept at 15, 25, or 35 °C for 4, 8, or 24 hours before centrifugation.","potassium was not stable in at least one pre-centrifugation storage condition || serum gel tubes were stored at 15, 25, or 35 degrees Celsius || storage durations included 4, 8, and 24 hours before centrifugation || delayed centrifugation can affect potassium validity",Evidence-based draft benchmark row. Use for development/testing; later verify with supervisor/domain expert.,potassium,serum gel tube / venous blood,delayed centrifugation; temperature; time,unstable in at least one condition,Stability of common biochemical analytes in serum gel tubes subjected to various storage temperatures and times pre-centrifugation,10.1258/acb.2007.007183,https://journals.sagepub.com/doi/abs/10.1258/acb.2007.007183,Abstract reports potassium among analytes not stable in at least one tested condition.
BQ002,Is glucose stable in serum gel tubes when centrifugation is delayed under variable storage temperatures?,"Glucose should be treated as potentially unstable when serum gel tubes experience delayed centrifugation at variable temperatures. Tanner et al. found glucose was not stable in at least one tested condition after pre-centrifugation storage at 15, 25, or 35 °C for 4, 8, or 24 hours.","glucose was not stable in at least one delayed centrifugation condition || serum gel tubes were exposed to 15, 25, or 35 degrees Celsius || delays before centrifugation included up to 24 hours || glucose validity may be affected by pre-centrifugation delay",Evidence-based draft benchmark row. Use for development/testing; later verify with supervisor/domain expert.,glucose,serum gel tube / venous blood,delayed centrifugation; temperature; time,unstable in at least one condition,Stability of common biochemical analytes in serum gel tubes subjected to various storage temperatures and times pre-centrifugation,10.1258/acb.2007.007183,https://journals.sagepub.com/doi/abs/10.1258/acb.2007.007183,Abstract reports glucose among analytes not stable in at least one tested condition.
BQ003,Is phosphate stable in serum gel tubes during delayed centrifugation at 15 to 35 degrees Celsius?,"Phosphate should be considered potentially unstable during delayed centrifugation in serum gel tubes. Tanner et al. reported phosphate was not stable in at least one condition among samples stored before centrifugation at 15, 25, or 35 °C for 4, 8, or 24 hours.","phosphate was not stable in at least one pre-centrifugation condition || the sample type was serum gel tube blood || storage temperatures included 15, 25, and 35 degrees Celsius || storage times included 4, 8, and 24 hours",Evidence-based draft benchmark row. Use for development/testing; later verify with supervisor/domain expert.,phosphate,serum gel tube / venous blood,delayed centrifugation; temperature; time,unstable in at least one condition,Stability of common biochemical analytes in serum gel tubes subjected to various storage temperatures and times pre-centrifugation,10.1258/acb.2007.007183,https://journals.sagepub.com/doi/abs/10.1258/acb.2007.007183,Abstract reports phosphate among analytes not stable in at least one tested condition.
BQ004,Is albumin stable in serum gel tubes stored before centrifugation for up to 24 hours?,"Albumin appears stable under the tested delayed pre-centrifugation storage conditions in serum gel tubes. Tanner et al. reported albumin among the analytes that remained stable across storage at 15, 25, or 35 °C for 4, 8, or 24 hours before centrifugation.","albumin remained stable in the tested storage conditions || serum gel tubes were stored before centrifugation || temperatures included 15, 25, and 35 degrees Celsius || time delays included up to 24 hours",Evidence-based draft benchmark row. Use for development/testing; later verify with supervisor/domain expert.,albumin,serum gel tube / venous blood,delayed centrifugation; temperature; time,stable in tested conditions,Stability of common biochemical analytes in serum gel tubes subjected to various storage temperatures and times pre-centrifugation,10.1258/acb.2007.007183,https://journals.sagepub.com/doi/abs/10.1258/acb.2007.007183,Abstract lists albumin among analytes stable in all tested storage conditions.
BQ005,Is C-reactive protein stable in serum gel tubes exposed to delayed centrifugation and variable temperatures?,"C-reactive protein appears stable under the serum gel tube conditions tested by Tanner et al. The study listed CRP among analytes remaining stable when samples were stored at 15, 25, or 35 °C for 4, 8, or 24 hours before centrifugation.","C-reactive protein remained stable in all tested serum gel tube storage conditions || samples were stored before centrifugation || storage temperatures included 15, 25, and 35 degrees Celsius || storage time reached 24 hours",Evidence-based draft benchmark row. Use for development/testing; later verify with supervisor/domain expert.,C-reactive protein,serum gel tube / venous blood,delayed centrifugation; temperature; time,stable in tested conditions,Stability of common biochemical analytes in serum gel tubes subjected to various storage temperatures and times pre-centrifugation,10.1258/acb.2007.007183,https://journals.sagepub.com/doi/abs/10.1258/acb.2007.007183,Abstract lists C-reactive protein among analytes stable in all tested storage conditions.
BQ006,Is vitamin D stable in serum gel tubes before centrifugation under field-like temperature delays?,"Vitamin D appears stable under the delayed pre-centrifugation serum gel tube conditions tested by Tanner et al. Vitamin D was included among analytes reported stable at 15, 25, or 35 °C for 4, 8, or 24 hours before centrifugation.","vitamin D remained stable in the tested serum gel tube conditions || samples were exposed to variable pre-centrifugation temperatures || storage times included 4, 8, and 24 hours || the study was designed to mimic field or remote collection conditions",Evidence-based draft benchmark row. Use for development/testing; later verify with supervisor/domain expert.,vitamin D,serum gel tube / venous blood,delayed centrifugation; temperature; time,stable in tested conditions,Stability of common biochemical analytes in serum gel tubes subjected to various storage temperatures and times pre-centrifugation,10.1258/acb.2007.007183,https://journals.sagepub.com/doi/abs/10.1258/acb.2007.007183,Abstract lists vitamin D among analytes stable in all tested storage conditions.
BQ007,Can short-term processing delays up to 15 hours affect serum and plasma cytokine measurements?,"Short-term processing delays can affect cytokine measurements, but the overall changes were generally small in the Gottfried-Blackmore et al. study. They observed short-term delays produced changes in serum and plasma cytokines within roughly −10.8% to 43.5%, with some analyte-specific exceptions.",short-term processing delay can perturb cytokine measurements || the study measured both serum and plasma cytokines || reported cytokine changes ranged approximately from -10.8 percent to 43.5 percent || effects are analyte-specific rather than uniform,Evidence-based draft benchmark row. Use for development/testing; later verify with supervisor/domain expert.,cytokines,serum and plasma,processing delay; temperature,generally small but analyte-specific changes,Effects of processing conditions on stability of immune analytes in human blood,10.1038/s41598-020-74274-8,https://www.nature.com/articles/s41598-020-74274-8,Abstract reports short-term processing delay changed serum/plasma cytokines by -10.8% to 43.5% with exceptions.
BQ008,Can serum and plasma be used interchangeably for cytokine or proteomic analyses after processing delay?,Serum and plasma should not be used interchangeably for cytokine or proteomic analyses. Gottfried-Blackmore et al. reported poor correlation between serum and plasma cytokines and concluded that cytokine studies should consider the non-equivalence between serum and plasma.,serum and plasma cytokines were poorly correlated || serum and plasma should not be used interchangeably for cytokine analyses || processing delay effects differ between matrices || sample matrix choice is important for proteomic or cytokine studies,Evidence-based draft benchmark row. Use for development/testing; later verify with supervisor/domain expert.,cytokines / proteomic analytes,serum vs plasma,matrix type; processing delay,non-equivalence between serum and plasma,Effects of processing conditions on stability of immune analytes in human blood,10.1038/s41598-020-74274-8,https://www.nature.com/articles/s41598-020-74274-8,Discussion reports poor correlation and says serum/plasma should not be used interchangeably for cytokine or proteomic analyses.
BQ009,Is whole blood gene expression largely stable during short-term processing delays up to 15 hours?,Whole blood gene expression was largely stable under the short-term processing delay conditions tested by Gottfried-Blackmore et al. They reported that pooled gene expression levels did not show significant effects across their short-term room temperature and 4 °C delay conditions.,whole blood gene expression profiles were largely stable || short-term delays included room temperature and 4 degrees Celsius conditions || no significant effects were detected in pooled gene expression levels || PAXgene-style RNA stabilization can help avoid confounding,Evidence-based draft benchmark row. Use for development/testing; later verify with supervisor/domain expert.,whole blood gene expression / RNA,whole blood,short-term processing delay; temperature,largely stable in tested short-term conditions,Effects of processing conditions on stability of immune analytes in human blood,10.1038/s41598-020-74274-8,https://www.nature.com/articles/s41598-020-74274-8,Results/discussion report whole blood transcriptomes were largely stable and no significant pooled gene expression effect was detected.
BQ010,Should flow or mass cytometry studies avoid processing delays greater than 5 hours for susceptible PBMC populations?,"Yes. Gottfried-Blackmore et al. concluded that flow and mass cytometry studies should avoid delays greater than 5 hours when studying susceptible cell populations. They observed significant cellular changes especially at 15 hours at 4 °C, including effects on live singlets, monocytes, Treg, and CD8+ T cells.",flow and mass cytometry should avoid delays greater than 5 hours for susceptible cell populations || significant cellular changes were observed at 15 hours at 4 degrees Celsius || live singlets and monocytes were affected || Treg and CD8+ T cell populations were affected under some refrigerated delay conditions,Evidence-based draft benchmark row. Use for development/testing; later verify with supervisor/domain expert.,PBMC subsets / immune cells,whole blood / PBMC,processing delay; refrigeration,susceptible cell populations can change with longer delays,Effects of processing conditions on stability of immune analytes in human blood,10.1038/s41598-020-74274-8,https://www.nature.com/articles/s41598-020-74274-8,Discussion recommends avoiding delays greater than 5h for susceptible cell populations; effects were observed at 15h 4°C.
BQ011,Do processing delays up to 72 hours at room temperature or 4 degrees Celsius significantly affect plasma cytokines?,"In the Gyorffy et al. study, delayed processing up to 72 hours at room temperature or 4 °C did not significantly affect plasma cytokines in samples from healthy volunteers and ICU patients. This supports a simplified biosampling protocol for the measured plasma markers, although the conclusion is source- and assay-specific.",delayed processing was tested up to 72 hours || samples were stored at room temperature or 4 degrees Celsius before processing || plasma cytokines did not show significant changes || the study included healthy volunteers and ICU patients,Evidence-based draft benchmark row. Use for development/testing; later verify with supervisor/domain expert.,plasma cytokines,EDTA/citrate plasma,processing delay; room temperature; 4 degrees Celsius,no significant effect in tested study,"Impact of sample processing delays on plasma markers of inflammation, chemotaxis, cell death, and blood coagulation",,https://pubmed.ncbi.nlm.nih.gov/39480839/,PubMed abstract reports no significant changes in plasma cytokines after delays up to 72h at RT or 4°C.
BQ012,Are plasma chemokines stable after delayed processing up to 72 hours at room temperature or 4 degrees Celsius?,"In the Gyorffy et al. study, plasma chemokines were not significantly affected by delayed processing up to 72 hours at either room temperature or 4 °C. This applies to their measured chemokines and study design.",chemokines were measured in plasma || delayed sample processing reached 72 hours || room temperature and 4 degrees Celsius storage were tested || no significant changes were observed for chemokines,Evidence-based draft benchmark row. Use for development/testing; later verify with supervisor/domain expert.,plasma chemokines,EDTA/citrate plasma,processing delay; room temperature; 4 degrees Celsius,no significant effect in tested study,"Impact of sample processing delays on plasma markers of inflammation, chemotaxis, cell death, and blood coagulation",,https://pubmed.ncbi.nlm.nih.gov/39480839/,PubMed abstract reports no significant changes in plasma chemokines after delays up to 72h at RT or 4°C.
BQ013,Is plasma cell-free DNA affected by sample processing delays up to 72 hours at room temperature or 4 degrees Celsius?,"In the Gyorffy et al. study, plasma cfDNA was not significantly affected by delayed processing up to 72 hours at room temperature or 4 °C. The study measured cfDNA using Picogreen DNA quantification.",cfDNA was measured in plasma || delays up to 72 hours were tested || both room temperature and 4 degrees Celsius were tested || no significant changes were observed for cfDNA,Evidence-based draft benchmark row. Use for development/testing; later verify with supervisor/domain expert.,cell-free DNA,plasma,processing delay; room temperature; 4 degrees Celsius,no significant effect in tested study,"Impact of sample processing delays on plasma markers of inflammation, chemotaxis, cell death, and blood coagulation",,https://pubmed.ncbi.nlm.nih.gov/39480839/,PubMed abstract reports cfDNA was measured with Picogreen and no significant changes were observed after delays.
BQ014,Does delayed processing up to 72 hours affect plasma blood clotting potential measured by thrombin generation?,"In the Gyorffy et al. study, delayed processing up to 72 hours at room temperature or 4 °C did not significantly affect thrombin formation or blood clotting potential in plasma samples.",blood clotting potential was measured by thrombin generation assay || delayed processing was tested up to 72 hours || room temperature and 4 degrees Celsius were tested || thrombin formation was not significantly affected,Evidence-based draft benchmark row. Use for development/testing; later verify with supervisor/domain expert.,thrombin generation / clotting potential,plasma,processing delay; room temperature; 4 degrees Celsius,no significant effect in tested study,"Impact of sample processing delays on plasma markers of inflammation, chemotaxis, cell death, and blood coagulation",,https://pubmed.ncbi.nlm.nih.gov/39480839/,PubMed abstract reports no significant effect on thrombin formation or blood clotting potential.
BQ015,Does long-term storage at minus 20 degrees Celsius versus minus 80 degrees Celsius affect serum metabolomic and proteomic biomarkers?,"Yes. Valo et al. found that storage at −20 °C versus −80 °C can affect serum metabolomic and proteomic biomarkers. After quality control, 193 analytes were evaluated; 120 were apparently unaffected, but 15 were clearly susceptible to −20 °C versus −80 °C storage.",serum samples stored at minus 20 and minus 80 degrees Celsius were compared || 193 metabolites and proteins passed quality control || 120 analytes were apparently unaffected || 15 analytes were clearly susceptible to storage at minus 20 versus minus 80 degrees Celsius,Evidence-based draft benchmark row. Use for development/testing; later verify with supervisor/domain expert.,serum metabolomic and proteomic biomarkers,serum,long-term storage temperature,some analytes affected; many unaffected,Effect of serum sample storage temperature on metabolomic and proteomic biomarkers,10.1038/s41598-022-08429-0,https://www.nature.com/articles/s41598-022-08429-0,"Abstract/results report 193 analyzed biomarkers, 120 apparently unaffected and 15 susceptible to -20 vs -80°C storage."
BQ016,Can serum glutamate/glutamine ratio indicate sub-optimal long-term storage at minus 20 degrees Celsius?,Yes. Valo et al. identified serum glutamate/glutamine ratio greater than 0.20 as a sensitive and specific indicator of storage at −20 °C compared with −80 °C in their type 1 diabetes serum sample datasets.,glutamate/glutamine ratio greater than 0.20 was identified as a marker || the marker discriminated serum stored at minus 20 degrees Celsius from serum stored at minus 80 degrees Celsius || the validation result reported very high classification performance || the finding was based on type 1 diabetes serum sample datasets,Evidence-based draft benchmark row. Use for development/testing; later verify with supervisor/domain expert.,glutamate/glutamine ratio,serum,long-term storage temperature,indicator of sub-optimal -20 degrees Celsius storage,Effect of serum sample storage temperature on metabolomic and proteomic biomarkers,10.1038/s41598-022-08429-0,https://www.nature.com/articles/s41598-022-08429-0,Article reports glutamate/glutamine ratio >0.20 as highly sensitive/specific for -20°C vs -80°C storage.
BQ017,Is glutamine susceptible to long-term serum storage at minus 20 degrees Celsius compared with minus 80 degrees Celsius?,Yes. Valo et al. identified glutamine among analytes affected by −20 °C versus −80 °C storage and also reported that storage time was associated with changes involving glutamine and the glutamate/glutamine ratio.,glutamine was among analytes affected by storage at minus 20 versus minus 80 degrees Celsius || storage time was associated with changes involving glutamine || glutamate/glutamine ratio changed with storage time || quick separation and storage at minus 80 degrees Celsius are important for optimal glutamine measurement,Evidence-based draft benchmark row. Use for development/testing; later verify with supervisor/domain expert.,glutamine,serum,long-term storage temperature; storage time,susceptible to sub-optimal storage,Effect of serum sample storage temperature on metabolomic and proteomic biomarkers,10.1038/s41598-022-08429-0,https://www.nature.com/articles/s41598-022-08429-0,Results/discussion identify glutamine and glutamate/glutamine ratio as affected by storage temperature/time.
BQ018,Do plasma and serum metabolomic profiles depend on pre-analytical factors such as processing delay and freeze-thaw cycles?,"Yes. Stevens et al. reviewed pre-analytical factors in metabolomic studies and concluded that plasma and serum metabolomic profiles are affected by factors including fasting status, hemolysis, collection time, processing delays, especially at room temperature, and repeated freeze-thaw cycles.",plasma and serum metabolomic profiles are affected by pre-analytical factors || processing delays are especially important at room temperature || repeated freeze-thaw cycles can alter metabolomic findings || hemolysis and collection time are also relevant factors,Evidence-based draft benchmark row. Use for development/testing; later verify with supervisor/domain expert.,metabolomic profile,plasma and serum,processing delay; room temperature; freeze-thaw; hemolysis; collection time,metabolomic profiles can be affected,"Pre-Analytical Factors that Affect Metabolite Stability in Human Urine, Plasma, and Serum: A Review",10.3390/metabo9080156,https://pubmed.ncbi.nlm.nih.gov/31349624/,"Review reports plasma/serum metabolomic profiles are affected by processing delays, particularly at room temperature, and repeated freeze-thaw cycles."
BQ019,Can multiple freeze-thaw cycles alter urine metabolomic findings?,"Yes. Stevens et al. reported that urine metabolomic findings can be altered by several pre-analytical factors, including collection time, fasting, centrifugation conditions, filtration/additives, normalization procedures, and multiple freeze-thaw cycles.",urine metabolomic findings can be altered by multiple freeze-thaw cycles || urine collection time and fasting can affect results || centrifugation conditions and filtration or additives matter || normalization procedures are also relevant,Evidence-based draft benchmark row. Use for development/testing; later verify with supervisor/domain expert.,urine metabolomic profile,urine,multiple freeze-thaw cycles; collection time; fasting; centrifugation; additives,urine metabolomics can be affected,"Pre-Analytical Factors that Affect Metabolite Stability in Human Urine, Plasma, and Serum: A Review",10.3390/metabo9080156,https://pubmed.ncbi.nlm.nih.gov/31349624/,Review reports urine metabolomic findings can be altered by multiple freeze-thaw cycles and other pre-analytical factors.
BQ020,"Does one freeze-thaw cycle after storage at minus 70 degrees Celsius meaningfully affect common nutritional, NCD, and inflammatory biomarkers in serum?","In the Abraham et al. study, a single freeze-thaw cycle after one month of storage at −70 °C had minimal effect on the studied nutritional, noncommunicable disease, and inflammatory biomarkers. Some analytes differed statistically from baseline, but all changes were within acceptable total allowable error limits.","a single freeze-thaw cycle was tested after storage at minus 70 degrees Celsius for one month || 13 nutritional, NCD, and inflammatory biomarkers were studied || several analytes differed statistically from baseline || all observed changes were within acceptable total allowable error limits || the overall effect was considered minimal",Evidence-based draft benchmark row. Use for development/testing; later verify with supervisor/domain expert.,"nutritional, NCD, and inflammatory biomarkers",serum/plasma,single freeze-thaw cycle; one month storage at -70 degrees Celsius,minimal effect within acceptable limits,"The Effects of a Single Freeze-Thaw Cycle on Concentrations of Nutritional, Noncommunicable Disease, and Inflammatory Biomarkers in Serum Samples",10.1055/s-0041-1726575,https://pubmed.ncbi.nlm.nih.gov/34054235/,Abstract reports single freeze-thaw had minimal effect and all changes were within acceptable limits.
